{"cameraMode":{"drawMode":0,"name":"Shaded","section":"Shading Mode"},"sceneLighting":true,"audioPlay":false,"sceneViewState":{"m_AlwaysRefresh":false,"showFog":true,"showSkybox":true,"showFlares":true,"showImageEffects":true,"showParticleSystems":true,"showVisualEffectGraphs":true,"m_FxEnabled":true},"in2DMode":false,"pivot":{"x":-50.67087936401367,"y":-24.75312614440918,"z":14.401815414428711},"rotation":{"x":0.39921778440475466,"y":0.19428083300590516,"z":-0.08697109669446945,"w":0.8918068408966065},"size":101.86665344238281,"orthographic":false}